id,KEYWORD,Total Downloads Keyword
28,guerrilla,3987
105,clock,13470
196,railroad,8633
240,italo-american,21774
268,double,16218
544,surgeon,9787
550,support,28544
568,moon,2573
579,mayor,10733
744,lovesickness,21032
765,deer,37291
788,san,1429
807,self-fulfilling,23554
854,dual,68458
861,oxygen,4912
913,martinique,9880
949,robbery,12611
1408,exotic,3673
1542,suburbia,2191
1639,boat,26432
1645,ku,2407
1694,overdose,3398
1729,tempel,28584
2086,assassination,6467
2105,graduation,69760
2355,confidence,1393
2787,darkness,24512
6520,camelot,10831
8467,gas,31950
8839,halloween,17129
8914,shark,35547
9208,helicopter,8003
9271,artificial,6067
9286,beheading,49222
9312,martial,22359
9341,magnetic,13641
9346,brothel,6573
9348,telepathy,69572
9358,ambulance,41532
9360,amazon,28930
9397,grand,7464
9448,bungee-jump,15663
9477,merlin,30019
9552,exorcism,44694
9560,world,10124
9691,competition,13346
9718,north,5882
9737,miami,23017
9804,ocean,18983
10022,bodybuilder,21110
10025,jinx,4204
10329,gorilla,11181
10589,bahamas,22828
10808,veterinarian,12183
10861,mistake,18565
11135,diamant,2272
11186,faithlessness,32943
11371,quebec,10325
11551,defense,5345
11683,cage,44554
11807,unexpected,67264
11859,bomb,47312
11932,route,31480
12230,puppy,12334
13053,hamster,27593
13092,failure,6954
13597,maze,2875
15655,owl,11114
16345,barbershop,33335
16608,gallows,13238
17927,cheerleading,4963
25941,self-defense,2580
36586,katana,29960
55779,premonition,134124
67109,wad,82304
74998,playing,10684
88036,soong,4015
89691,atm,4554
244506,guantanamo,10159
274167,daddys,9558
339964,shapeshifting,36266
375290,evacuation,115257
378236,app,41807
419430,externally,22303
